--
-- PostgreSQL database dump
--

-- Dumped from database version 9.6.10
-- Dumped by pg_dump version 11.1 (Ubuntu 11.1-1.pgdg16.04+1)

SET statement_timeout = 0;
SET lock_timeout = 0;
SET idle_in_transaction_session_timeout = 0;
SET client_encoding = 'UTF8';
SET standard_conforming_strings = on;
SELECT pg_catalog.set_config('search_path', '', false);
SET check_function_bodies = false;
SET client_min_messages = warning;
SET row_security = off;

SET default_tablespace = '';

SET default_with_oids = false;

--
-- Name: altasucursal; Type: TABLE; Schema: public; Owner: equipo4
--

CREATE TABLE public.altasucursal (
    id_sucursal integer NOT NULL,
    nombre text,
    ciudad text,
    estatus integer
);


ALTER TABLE public.altasucursal OWNER TO equipo4;

--
-- Name: altasucursal_seq; Type: SEQUENCE; Schema: public; Owner: equipo4
--

CREATE SEQUENCE public.altasucursal_seq
    START WITH 6
    INCREMENT BY 1
    MINVALUE 6
    NO MAXVALUE
    CACHE 1;


ALTER TABLE public.altasucursal_seq OWNER TO equipo4;

--
-- Name: altasucursal_seq; Type: SEQUENCE OWNED BY; Schema: public; Owner: equipo4
--

ALTER SEQUENCE public.altasucursal_seq OWNED BY public.altasucursal.id_sucursal;


--
-- Name: registrocinepolisid; Type: TABLE; Schema: public; Owner: equipo4
--

CREATE TABLE public.registrocinepolisid (
    id_cinepolisid integer NOT NULL,
    nombre text,
    apellidopaterno text,
    apellidomaterno text,
    correo text,
    contrasena text,
    tarjetaclub text,
    preguntaseguridad text,
    respuestapreguntaseguridad text,
    dianacimiento text,
    mesnacimiento text,
    anonacimiento text,
    lada text,
    telefono text
);


ALTER TABLE public.registrocinepolisid OWNER TO equipo4;

--
-- Name: cinepolisid_seq; Type: SEQUENCE; Schema: public; Owner: equipo4
--

CREATE SEQUENCE public.cinepolisid_seq
    START WITH 2
    INCREMENT BY 1
    MINVALUE 2
    NO MAXVALUE
    CACHE 1;


ALTER TABLE public.cinepolisid_seq OWNER TO equipo4;

--
-- Name: cinepolisid_seq; Type: SEQUENCE OWNED BY; Schema: public; Owner: equipo4
--

ALTER SEQUENCE public.cinepolisid_seq OWNED BY public.registrocinepolisid.id_cinepolisid;


--
-- Name: horarios; Type: TABLE; Schema: public; Owner: equipo4
--

CREATE TABLE public.horarios (
    id_horario integer NOT NULL,
    id_pelicula integer,
    hora text,
    fecha text,
    idioma text,
    sala integer,
    id_sucursal integer,
    ciudad text
);


ALTER TABLE public.horarios OWNER TO equipo4;

--
-- Name: horarios_seq; Type: SEQUENCE; Schema: public; Owner: equipo4
--

CREATE SEQUENCE public.horarios_seq
    START WITH 10
    INCREMENT BY 1
    MINVALUE 10
    NO MAXVALUE
    CACHE 1;


ALTER TABLE public.horarios_seq OWNER TO equipo4;

--
-- Name: horarios_seq; Type: SEQUENCE OWNED BY; Schema: public; Owner: equipo4
--

ALTER SEQUENCE public.horarios_seq OWNED BY public.horarios.id_horario;


--
-- Name: paypal; Type: TABLE; Schema: public; Owner: equipo4
--

CREATE TABLE public.paypal (
    id_paypal integer NOT NULL,
    numerotarjetafrente text,
    correo text
);


ALTER TABLE public.paypal OWNER TO equipo4;

--
-- Name: paypal_id_paypal_seq; Type: SEQUENCE; Schema: public; Owner: equipo4
--

CREATE SEQUENCE public.paypal_id_paypal_seq
    START WITH 1
    INCREMENT BY 1
    NO MINVALUE
    NO MAXVALUE
    CACHE 1;


ALTER TABLE public.paypal_id_paypal_seq OWNER TO equipo4;

--
-- Name: paypal_id_paypal_seq; Type: SEQUENCE OWNED BY; Schema: public; Owner: equipo4
--

ALTER SEQUENCE public.paypal_id_paypal_seq OWNED BY public.paypal.id_paypal;


--
-- Name: peliculas; Type: TABLE; Schema: public; Owner: equipo4
--

CREATE TABLE public.peliculas (
    id_pelicula integer NOT NULL,
    imagen text,
    titulo text,
    paisorigen text,
    anoestreno text,
    clasificacion text,
    duracion text,
    genero text,
    ciudad text,
    sinopsis text,
    actores text,
    directores text,
    idiomaespanol integer,
    idiomaingles integer,
    subtituloespanol integer,
    subtituloingles integer,
    pelicula3d integer,
    idiomaespanol3d integer,
    idiomaingles3d integer,
    subtituloespanol3d integer,
    subtituloingles3d integer,
    nombreoriginal text,
    estatus integer,
    rutavideo text
);


ALTER TABLE public.peliculas OWNER TO equipo4;

--
-- Name: peliculas_seq; Type: SEQUENCE; Schema: public; Owner: equipo4
--

CREATE SEQUENCE public.peliculas_seq
    START WITH 25
    INCREMENT BY 1
    MINVALUE 25
    NO MAXVALUE
    CACHE 1;


ALTER TABLE public.peliculas_seq OWNER TO equipo4;

--
-- Name: peliculas_seq; Type: SEQUENCE OWNED BY; Schema: public; Owner: equipo4
--

ALTER SEQUENCE public.peliculas_seq OWNED BY public.peliculas.id_pelicula;


--
-- Name: precioboletos; Type: TABLE; Schema: public; Owner: equipo4
--

CREATE TABLE public.precioboletos (
    id_precio integer NOT NULL,
    id_sucursal integer,
    tiposala text,
    adultoprimerrango integer,
    terceraedadprimerrango integer,
    ninosprimerrango integer,
    adultosegundorango integer,
    terceraedadsegundorango integer,
    ninossegundorango integer,
    nombreciudad text
);


ALTER TABLE public.precioboletos OWNER TO equipo4;

--
-- Name: precio_seq; Type: SEQUENCE; Schema: public; Owner: equipo4
--

CREATE SEQUENCE public.precio_seq
    START WITH 2
    INCREMENT BY 1
    MINVALUE 2
    NO MAXVALUE
    CACHE 1;


ALTER TABLE public.precio_seq OWNER TO equipo4;

--
-- Name: precio_seq; Type: SEQUENCE OWNED BY; Schema: public; Owner: equipo4
--

ALTER SEQUENCE public.precio_seq OWNED BY public.precioboletos.id_precio;


--
-- Name: registropersonal; Type: TABLE; Schema: public; Owner: equipo4
--

CREATE TABLE public.registropersonal (
    id_registropersonal integer NOT NULL,
    numeroempleado text,
    nombre text,
    appaterno text,
    apmaterno text,
    correo text,
    contrasena text,
    telefono text,
    puesto text
);


ALTER TABLE public.registropersonal OWNER TO equipo4;

--
-- Name: registropersonal_seq; Type: SEQUENCE; Schema: public; Owner: equipo4
--

CREATE SEQUENCE public.registropersonal_seq
    START WITH 7
    INCREMENT BY 1
    MINVALUE 7
    NO MAXVALUE
    CACHE 1;


ALTER TABLE public.registropersonal_seq OWNER TO equipo4;

--
-- Name: registropersonal_seq; Type: SEQUENCE OWNED BY; Schema: public; Owner: equipo4
--

ALTER SEQUENCE public.registropersonal_seq OWNED BY public.registropersonal.id_registropersonal;


--
-- Name: salas; Type: TABLE; Schema: public; Owner: equipo4
--

CREATE TABLE public.salas (
    id_sala integer NOT NULL,
    nombre text,
    id_sucursal integer,
    ciudad text,
    estatus text,
    tiposala text,
    asientos_seleccionados text
);


ALTER TABLE public.salas OWNER TO equipo4;

--
-- Name: salas_seq; Type: SEQUENCE; Schema: public; Owner: equipo4
--

CREATE SEQUENCE public.salas_seq
    START WITH 6
    INCREMENT BY 1
    MINVALUE 6
    NO MAXVALUE
    CACHE 1;


ALTER TABLE public.salas_seq OWNER TO equipo4;

--
-- Name: salas_seq; Type: SEQUENCE OWNED BY; Schema: public; Owner: equipo4
--

ALTER SEQUENCE public.salas_seq OWNED BY public.salas.id_sala;


--
-- Name: slider; Type: TABLE; Schema: public; Owner: equipo4
--

CREATE TABLE public.slider (
    id_slider integer NOT NULL,
    titulo text,
    rutaimagenbanner text,
    rutaimagenmovil text,
    rutaimagenmini text,
    posicion integer
);


ALTER TABLE public.slider OWNER TO equipo4;

--
-- Name: slider_seq; Type: SEQUENCE; Schema: public; Owner: equipo4
--

CREATE SEQUENCE public.slider_seq
    START WITH 4
    INCREMENT BY 1
    MINVALUE 4
    NO MAXVALUE
    CACHE 1;


ALTER TABLE public.slider_seq OWNER TO equipo4;

--
-- Name: slider_seq; Type: SEQUENCE OWNED BY; Schema: public; Owner: equipo4
--

ALTER SEQUENCE public.slider_seq OWNED BY public.slider.id_slider;


--
-- Name: tarjetasbanco; Type: TABLE; Schema: public; Owner: equipo4
--

CREATE TABLE public.tarjetasbanco (
    id_tarjeta integer NOT NULL,
    nombre text,
    numerotarjetafrente text,
    numerotarjetareverso text,
    nombrebanco text,
    dinerodisponible text,
    tipotarjeta text
);


ALTER TABLE public.tarjetasbanco OWNER TO equipo4;

--
-- Name: tarjetasbanco_id_tarjeta_seq; Type: SEQUENCE; Schema: public; Owner: equipo4
--

CREATE SEQUENCE public.tarjetasbanco_id_tarjeta_seq
    START WITH 1
    INCREMENT BY 1
    NO MINVALUE
    NO MAXVALUE
    CACHE 1;


ALTER TABLE public.tarjetasbanco_id_tarjeta_seq OWNER TO equipo4;

--
-- Name: tarjetasbanco_id_tarjeta_seq; Type: SEQUENCE OWNED BY; Schema: public; Owner: equipo4
--

ALTER SEQUENCE public.tarjetasbanco_id_tarjeta_seq OWNED BY public.tarjetasbanco.id_tarjeta;


--
-- Name: ventas; Type: TABLE; Schema: public; Owner: equipo4
--

CREATE TABLE public.ventas (
    id_venta integer NOT NULL,
    id_horario integer,
    id_tarjeta integer,
    id_usuario integer,
    asientos_seleccionados text,
    cantidadboletos3raedad text,
    cantidadboletosadultos text,
    cantidadboletosninos text,
    precioboletos3raedad text,
    precioboletosadultos text,
    precioboletosninos text,
    horacompra text,
    fechacompra text,
    pagototal text
);


ALTER TABLE public.ventas OWNER TO equipo4;

--
-- Name: ventas_id_venta_seq; Type: SEQUENCE; Schema: public; Owner: equipo4
--

CREATE SEQUENCE public.ventas_id_venta_seq
    START WITH 1
    INCREMENT BY 1
    NO MINVALUE
    NO MAXVALUE
    CACHE 1;


ALTER TABLE public.ventas_id_venta_seq OWNER TO equipo4;

--
-- Name: ventas_id_venta_seq; Type: SEQUENCE OWNED BY; Schema: public; Owner: equipo4
--

ALTER SEQUENCE public.ventas_id_venta_seq OWNED BY public.ventas.id_venta;


--
-- Name: altasucursal id_sucursal; Type: DEFAULT; Schema: public; Owner: equipo4
--

ALTER TABLE ONLY public.altasucursal ALTER COLUMN id_sucursal SET DEFAULT nextval('public.altasucursal_seq'::regclass);


--
-- Name: horarios id_horario; Type: DEFAULT; Schema: public; Owner: equipo4
--

ALTER TABLE ONLY public.horarios ALTER COLUMN id_horario SET DEFAULT nextval('public.horarios_seq'::regclass);


--
-- Name: paypal id_paypal; Type: DEFAULT; Schema: public; Owner: equipo4
--

ALTER TABLE ONLY public.paypal ALTER COLUMN id_paypal SET DEFAULT nextval('public.paypal_id_paypal_seq'::regclass);


--
-- Name: peliculas id_pelicula; Type: DEFAULT; Schema: public; Owner: equipo4
--

ALTER TABLE ONLY public.peliculas ALTER COLUMN id_pelicula SET DEFAULT nextval('public.peliculas_seq'::regclass);


--
-- Name: precioboletos id_precio; Type: DEFAULT; Schema: public; Owner: equipo4
--

ALTER TABLE ONLY public.precioboletos ALTER COLUMN id_precio SET DEFAULT nextval('public.precio_seq'::regclass);


--
-- Name: registrocinepolisid id_cinepolisid; Type: DEFAULT; Schema: public; Owner: equipo4
--

ALTER TABLE ONLY public.registrocinepolisid ALTER COLUMN id_cinepolisid SET DEFAULT nextval('public.cinepolisid_seq'::regclass);


--
-- Name: registropersonal id_registropersonal; Type: DEFAULT; Schema: public; Owner: equipo4
--

ALTER TABLE ONLY public.registropersonal ALTER COLUMN id_registropersonal SET DEFAULT nextval('public.registropersonal_seq'::regclass);


--
-- Name: salas id_sala; Type: DEFAULT; Schema: public; Owner: equipo4
--

ALTER TABLE ONLY public.salas ALTER COLUMN id_sala SET DEFAULT nextval('public.salas_seq'::regclass);


--
-- Name: slider id_slider; Type: DEFAULT; Schema: public; Owner: equipo4
--

ALTER TABLE ONLY public.slider ALTER COLUMN id_slider SET DEFAULT nextval('public.slider_seq'::regclass);


--
-- Name: tarjetasbanco id_tarjeta; Type: DEFAULT; Schema: public; Owner: equipo4
--

ALTER TABLE ONLY public.tarjetasbanco ALTER COLUMN id_tarjeta SET DEFAULT nextval('public.tarjetasbanco_id_tarjeta_seq'::regclass);


--
-- Name: ventas id_venta; Type: DEFAULT; Schema: public; Owner: equipo4
--

ALTER TABLE ONLY public.ventas ALTER COLUMN id_venta SET DEFAULT nextval('public.ventas_id_venta_seq'::regclass);


--
-- Data for Name: altasucursal; Type: TABLE DATA; Schema: public; Owner: equipo4
--

COPY public.altasucursal (id_sucursal, nombre, ciudad, estatus) FROM stdin;
3	Cinépolis Paseo San Isidro	Culiacán	1
4	Cinépolis Vip Culiacán	Culiacán	1
5	Cinépolis Sendero Mazatlán	Mazatlán	1
6	Cinépolis Sendero Ganadera Culiacán	Culiacán	1
\.


--
-- Data for Name: horarios; Type: TABLE DATA; Schema: public; Owner: equipo4
--

COPY public.horarios (id_horario, id_pelicula, hora, fecha, idioma, sala, id_sucursal, ciudad) FROM stdin;
8	6	23:55	2018-12-05	Sub. Español	1	4	Culiacán
7	6	23:53	2018-12-05	Español	5	4	Culiacán
9	13	23:58	2018-12-05	Sub. Ingles	1	5	Mazatlán
12	20	20:50	2018-12-05	Sub. Español	2	4	Culiacán
13	6	20:50	2018-12-05	Español 3D	5	4	Culiacán
\.


--
-- Data for Name: paypal; Type: TABLE DATA; Schema: public; Owner: equipo4
--

COPY public.paypal (id_paypal, numerotarjetafrente, correo) FROM stdin;
1	3333333333333333	ROQUE@GMAIL.COM
2	1111111111111111	KENIA@GMAIL.COM
3	2222222222222222	ADRIAN@GMAIL.COM
5	4444444444444444	ROBERTO@GMAIL.COM
\.


--
-- Data for Name: peliculas; Type: TABLE DATA; Schema: public; Owner: equipo4
--

COPY public.peliculas (id_pelicula, imagen, titulo, paisorigen, anoestreno, clasificacion, duracion, genero, ciudad, sinopsis, actores, directores, idiomaespanol, idiomaingles, subtituloespanol, subtituloingles, pelicula3d, idiomaespanol3d, idiomaingles3d, subtituloespanol3d, subtituloingles3d, nombreoriginal, estatus, rutavideo) FROM stdin;
15	img/cartelera/28795.jpg	Te Juro Que Yo No Fui	México	2018-10-26	B	84	Comedia Romantica	Culiacán	Ludwig, talentoso contrabajista, se involucra accidentalmente con Rebecca, seductora española, a quien ayuda a escapar de dos árabes que la persiguen porque quieren robarle un valioso diamante, en el paradisíaco Cancún. La persecución se vuelve un tremendo enredo porque la celosísima esposa de Ludwig y una chiflada ex novia extranjera aparecen en el lugar. Al final, el apabullado músico descubre que de quién se ha enamorado y a quien ha estado ayudando todo ese tiempo, es en realidad una ladrona de joyas, quien no es española sino mexicana, y que ella ha sido quien les ha robado el diamante a los árabes.	Ariadne Díaz,maría Aura,mauricio Ochmann,marta Hazas	Joaquín Bissner	1	0	0	1	0	0	0	0	0	Te Juro Que Yo No Fui	2	videotrailers/28795.mp4
16	img/cartelera/27934.jpg	Ni Tú Ni Yo	México	2018-10-23	B	98	Comedia Romantica	Culiacán	Guadalupe Martínez “El Halcón Negro”, era el luchador más famoso del país, gracias al apoyo de su hermano Gabino “El Conejo”. Pero llevaban años separados por las adicciones de El Conejo. Cuando El Conejo vuelve para reconectar con su familia, hace que El Halcón Negro pierda la pelea más importante de su carrera. Cuando todo parece perdido Miranda, la dueña de la lucha independiente, les ofrece la oportunidad de su vida, con la condición de que trabajen nuevamente juntos. Al comenzar a trabajar juntos se darán cuenta de que las cosas no son como les habían prometido y que tendrán que trabajar en equipo para recuperar su nombre y prestigio.	Mauricio Argüelles,césar Rodríguez,bárbara Del Regil	Noé Santillán-López	0	0	0	1	0	0	0	0	0	Ni Tú Ni Yo	1	videotrailers/27934.mp4
12	img/cartelera/venom.jpg	Venom	Estados Unidos	2018-10-26	B	112	Acción	Culiacán	Uno de los personajes más enigmáticos, complejos y violentos de Marvel llega a la gran pantalla interpretado por Tom Hardy, actor nominado a un Premio de la Academia®, como el mortífero protector Venom.	Reid Scott,scott Haze,michelle Williams,tom Hardy,riz Ahmed	Ruben Fleischer	1	0	0	0	1	0	0	1	0	Venom	2	videotrailers/27870.mp4
14	img/cartelera/29406.jpg	La Otra Parte:la Historia No Contada Del Narco	México	2018-12-13	B	98	Suspenso	Culiacán	Largometraje documental basado en hechos reales, revela la otra cara de la industria del narcotráfico; aquella que dista de ser heróica, épica y redituable. De la mano del hijo del mentor de dos de los narcotraficantes más grandes de la historia, la película presenta los mitos y realidades de esta "subcultura" que tan sólo en México, en seis años ha dejado más de 180,000 muertos y 50,000 niños en estado de orfandad.		Ricardo Colorado Seira	1	0	0	0	0	0	0	0	0	La Otra Parte:la Historia No Contada	3	videotrailers/29406.mp4
19	img/cartelera/28057.jpg	Tiempo Compartido	México	2019-01-24	B	96	Drama	Culiacán	Dos hombres de familia atormentados – un huésped y un empleado de limpieza– unen fuerzas para rescatar a sus familias del paraíso, convencidos de que Everfields International, la siniestra administración del mega resort tropical Vista Mar, quiere quitarles a sus seres queridos.	Cassandra Ciangherotti,miguel Rodarte,luis Gerardo Méndez	Sebastián Hofmann	1	0	1	0	0	0	0	0	0	Tiempo Compartido	3	videotrailers/28057.mp4
18	img/cartelera/28651.jpg	Re-Estreno Coco	Estados Unidos	2018-11-02	A	105	Infantil	Culiacán	A pesar de la incomprensible prohibición de la música desde hace varias generaciones en su familia, Miguel sueña con convertirse en un músico consagrado, como su ídolo Ernesto de la Cruz (voz original en inglés de Benjamín Bratt). Desesperado por probar su talento, Miguel se encuentra en la impresionante y colorida Tierra de los Muertos como resultado de una misteriosa cadena de eventos. En el camino, encuentra al simpático timador Héctor (voz original en inglés de Gael García Bernal), y juntos se embarcan en una extraordinaria travesía para develar la verdadera razón detrás de la historia familiar de Miguel.	Gael García Bernal,anthony Gonzalez	Lee Unkrich	1	0	0	0	0	0	0	0	0	Coco	3	videotrailers/coco.mp4
6	img/cartelera/HALLOWEEN.jpg	Halloween	Estados Unidos	2018-10-18	B15	116	Terror	Culiacán	Laurie Strode (Jamie Lee Curtis), quién logró escapar de su matanza en la noche de Halloween hace cuatro décadas, llegará a su confrontación final con esta terrorífica figura enmascarada.	Judy Greer,jamie Lee Curtis,miles Robbins,nick Castle	David Gordon Green	1	0	1	1	1	1	0	1	0	Halloween	1	videotrailers/13775.mp4
11	img/cartelera/SiYoFueraTu.jpg	Si Yo Fuera Tú	México	2018-10-20	B	95	Comedia	Culiacán	La historia de Claudia y Antonio, quienes están casados desde hace 15 años, sin embargo, su relación se ha vuelto rutinaria. Después de una discusión nocturna, el inusual alineamiento de los planetas Venus, Tierra y Marte provoca una mágica transformación: resulta que el alma de Antonio queda atrapada en el cuerpo de Claudia y viceversa.	Juan Manuel Bernal,daniel Giménez Cacho,isela Vega,sophie Alexander-Katz,sebastián Zurita,rosa María Bianchi	Alejandro Lubezki	1	0	0	0	1	0	0	0	0	Si Yo Fuera Tú	1	videotrailers/28060.mp4
20	img/cartelera/29050.jpg	Bohemian Rhapsody, La Historia De Freddie Mercury	Estados Unidos	2019-01-31	B15	120	Drama	Culiacán	“Bohemian Rhapsody, La historia de Freddie Mercury” es una celebración trepidante de Queen, su música y su extraordinario cantante principal Freddie Mercury, quien desafió estereotipos y destruyó convenciones para convertirse en uno de los artistas más queridos del mundo. La película sigue el ascenso meteórico de la banda a través de sus canciones icónicas y su sonido revolucionario, de su inminente implosión una vez que el estilo de vida de Mercury se sale de control, y de su reunión triunfante en vísperas de Live Aid, donde Mercury, quien enfrentaba una enfermedad terminal, lidera la banda en una de las presentaciones más grandiosas en la historia de la música rock. Y, en el proceso, la consolidación del legado de una banda que siempre fue más como una familia, y que continúa inspirando a marginados, soñadores y melómanos hasta la fecha.	Allen Leech,mike Myers,tom Hollander,aidan Gillen,rami Malek,lucy Boynton,joseph Mazzello,ben Hardy,gwilym Lee	Bryan Singer	0	0	1	0	0	0	0	0	0	Bohemian Rhapsody	2	videotrailers/27824.mp4
13	img/cartelera/28607.jpg	Escalofríos 2: Una Noche Embrujada	Usa	2018-11-22	A	90	Comedia Romantica	Mazatlán	Halloween vuelve a la vida en una nueva comedia y aventura basada en la serie de libros de R.L. Stine’s que ha vendido más de 400 millones de ejemplares.	Wendi Mclendon-Covey,ken Jeong,chris Parnell,jeremy Ray Taylor,caleel Harris,madison Iseman	Ari Sandel	0	0	0	1	0	0	0	0	0	Goosebumps 2: Haunted Halloween	1	videotrailers/28607.mp4
21	img/cartelera/28058.jpg	El Jefe De La Mafia, Gotti	Estados Unidos	2018-10-24	B15	110	Crimen	Culiacán	La película sigue al ascenso del más peligroso y más temido jefe de la mafia John Gotti (John Travolta) hasta convertirse en el gangster más peligroso de esta generación. Abarcando tres décadas y relatada por su hijo John Jr. (Spencer Lofranco), la película lleva a la pantalla la vida tumultuosa de Gotti y su esposa (Kelly Preston) que intenta mantener unida a la familia ante la tragedia y múltiples condenas de prisión.	John Travolta,kelly Preston,stacy Keach,spencer Lofranco,pruitt Taylor Vince,chris Mulkey,william Demeo	Kevin Connolly	0	0	1	0	1	0	0	1	0	Gotti	2	videotrailers/gotti.mp4
24	img/cartelera/27868.jpg	Locamente Millonarios	Estados Unidos	2018-12-20	B	120	Comedia	Culiacán	La historia relata el viaje que Rachel Chu (Wu) hace de Nueva York a Singapur, para acompañar a su novio, Nick Young (Golding), a la boda de su mejor amigo. Rachel está emocionada por viajar por primera vez a Asia, pero también está nerviosa porque conocerá a la familia de Nick... y se siente poco preparada cuando él le confiesa que olvidó mencionar pequeños detalles sobre su origen: resulta que Nick no es solamente el heredero de la fortuna de la familia más poderosa y millonaria de Singapur, sino también es el soltero más codiciado de la región. Ir del brazo de Nick la convierte en el blanco de la furia de mujeres celosas que desaprueban la relación; pero la peor es la madre de Nick (Yeoh). Y cada vez queda más claro que si bien el dinero no puede comprar el amor verdadero, sí puede complicar mucho las cosas.	Constance Wu,henry Golding,awkwafina .,gemma Chan,michelle Yeoh	Jon M. Chu	0	0	1	0	0	0	0	0	0	Crazy Rich Asians	1	videotrailers/M27868.mp4
\.


--
-- Data for Name: precioboletos; Type: TABLE DATA; Schema: public; Owner: equipo4
--

COPY public.precioboletos (id_precio, id_sucursal, tiposala, adultoprimerrango, terceraedadprimerrango, ninosprimerrango, adultosegundorango, terceraedadsegundorango, ninossegundorango, nombreciudad) FROM stdin;
1	4	Básica	30	30	30	50	50	50	Culiacán
\.


--
-- Data for Name: registrocinepolisid; Type: TABLE DATA; Schema: public; Owner: equipo4
--

COPY public.registrocinepolisid (id_cinepolisid, nombre, apellidopaterno, apellidomaterno, correo, contrasena, tarjetaclub, preguntaseguridad, respuestapreguntaseguridad, dianacimiento, mesnacimiento, anonacimiento, lada, telefono) FROM stdin;
2	Adrian	Moreno	Moreno	ADRIAN@GMAIL.COM	$2y$10$ZW0z4m9F6h4/ElMDBveTLOaAYknltP5arsofYkp9TLnNFV7SyzvyG		¿En qué ciudad se conocieron tus padres?	culiacan	01	01	2003	667	12345678
3	Adrian	Moreno	Moreno	ADRIAN@GMAIL.COM	$2y$10$Sb6xLjiL4DZ1shYEWKA0xuo/zU3Kbv81BBGFbos5ULR.54xKLtk9C		¿Cómo se llamaba tu primer mascota?	aidee	01	01	2003	667	12345678
1	Roque Alionso	Heras	Vega	ROQUE@GMAIL.COM	$2y$10$WkfZCjuxxwborevs4axDBeL9dMdNRNNwDz0OOsHFfiaq1hBNC/l4W	12345	¿De qué modelo era tu primer auto?	Ferrari	01	01	1993	123	45678900
\.


--
-- Data for Name: registropersonal; Type: TABLE DATA; Schema: public; Owner: equipo4
--

COPY public.registropersonal (id_registropersonal, numeroempleado, nombre, appaterno, apmaterno, correo, contrasena, telefono, puesto) FROM stdin;
6	87654321	Kenia	Rios	Diarte	KENIA@HOTMAIL.COM	$2y$10$g409OaYJ.HrZeSxdxkgAQuVSZo9Qns4HoTN5v4euljS1FJX3KrESq	6673899809	SUPERVISOR
5	12345678	Roque	Heras	Vega	ROQUE@HOTMAIL.COM	$2y$10$g409OaYJ.HrZeSxdxkgAQuVSZo9Qns4HoTN5v4euljS1FJX3KrESq	6673899876	STAFF
7	12345678	Adrian	Moreno	Moreno	ADRIAN@HOTMAIL.COM	$2y$10$KVPZT.TicuWjHSKi01JxB.ymrYq52mghr.xR6mEHcFAtD4NcpotPG	6612345678	STAFF
\.


--
-- Data for Name: salas; Type: TABLE DATA; Schema: public; Owner: equipo4
--

COPY public.salas (id_sala, nombre, id_sucursal, ciudad, estatus, tiposala, asientos_seleccionados) FROM stdin;
2	A-15	4	Culiacán	1	3D	a03,a04,a05,a06,a07,a08,a09,a10,a11,a12,a13,a14,a15,a16,a17,a18,a19,a20,a21,a22,a23,a24,b03,b04,b05,b06,b07,b08,b09,b10,b11,b12,b13,b14,b15,b16,b17,b18,b19,b20,b21,b22,b23,b24,c01,c02,c03,c04,c05,c06,c07,c08,c09,c10,c11,c12,c13,c14,c15,c16,c17,c18,c19,c20,c21,c22,c23,c24,d01,d02,d03,d04,d05,d06,d07,d08,d09,d10,d11,d12,d13,d14,d15,d16,d17,d18,d19,d20,d21,d22,d23,d24,e01,e02,e03,e04,e05,e06,e07,e08,e09,e10,e11,e12,e13,e14,e15,e16,e17,e18,e19,e20,e21,e22,e23,e24,f01,f02,f03,f04,f05,f06,f07,f08,f09,f10,f11,f12,f13,f14,f15,f16,f17,f18,f19,f20,f21,f22,f23,f24,g01,g02,g03,g04,g05,g06,g07,g08,g09,g10,g11,g12,g13,g14,g15,g16,g17,g18,g19,g20,g21,g22,g23,g24,h01,h02,h03,h04,h05,h06,h07,h08,h09,h10,h11,h12,h13,h14,h15,h16,h17,h18,h19,h20,h21,h22,h23,h24,i01,i02,i03,i04,i05,i06,i07,i08,i09,i10,i11,i12,i13,i14,i15,i16,i17,i18,i19,i20,i21,i22,j01,j02,j03,j04,j05,j06,j07,j08,j09,j10,j11,j12,j13,j14,j15,j16,j17,j18,j19,j20,j21,j22
1	A-10	3	Culiacán	1	Básica	a01,a02,a03,a04,a05,a06,a07,a08,a09,a10,a11,a12,a13,a14,a15,a16,a17,a18,a19,a20,a21,a22,a23,a24,b01,b02,b03,b04,b05,b06,b07,b08,b09,b10,b11,b12,b13,b14,b15,b16,b17,b18,b19,b20,b21,b22,b23,b24,c01,c02,c03,c04,c05,c06,c07,c08,c09,c10,c11,c12,c13,c14,c15,c16,c17,c18,c19,c20,c21,c22,c23,c24,d01,d02,d03,d04,d05,d06,d07,d08,d09,d10,d11,d12,d13,d14,d15,d16,d17,d18,d19,d20,d21,d22,d23,d24,e01,e02,e03,e04,e05,e06,e07,e08,e09,e10,e11,e12,e13,e14,e15,e16,e17,e18,e19,e20,e21,e22,e23,e24,f01,f02,f03,f04,f05,f06,f07,f08,f09,f10,f11,f12,f13,f14,f15,f16,f17,f18,f19,f20,f21,f22,f23,f24,g01,g02,g03,g04,g05,g06,g07,g08,g09,g10,g11,g12,g13,g14,g15,g16,g17,g18,g19,g20,g21,g22,g23,g24,h01,h02,h03,h04,h05,h06,h07,h08,h09,h10,h11,h12,h13,h14,h15,h16,h17,h18,h19,h20,h21,h22,h23,h24,i01,i02,i03,i04,i05,i06,i07,i08,i09,i10,i11,i12,i13,i14,i15,i16,i17,i18,i19,i20,i21,i22,i23,i24,j01,j02,j03,j04,j05,j06,j07,j08,j09,j10,j11,j12,j13,j14,j15,j16,j17,j18,j19,j20,j21,j22,j23,j24
5	A-20	4	Culiacán	1	MACRO XE	a01,a02,a03,a04,a05,a06,a07,a08,a09,a10,a11,a12,a13,a14,a15,a16,a17,a18,a19,a20,a21,a22,a23,a24,b01,b02,b03,b04,b05,b06,b07,b08,b09,b10,b11,b12,b13,b14,b15,b16,b17,b18,b19,b20,b21,b22,b23,b24,c01,c02,c03,c04,c05,c06,c07,c08,c09,c10,c11,c12,c13,c14,c15,c16,c17,c18,c19,c20,c21,c22,c23,c24,d01,d02,d03,d04,d05,d06,d07,d08,d09,d10,d11,d12,d13,d14,d15,d16,d17,d18,d19,d20,d21,d22,d23,d24,e01,e02,e03,e04,e05,e06,e07,e08,e09,e10,e11,e12,e13,e14,e15,e16,e17,e18,e19,e20,e21,e22,e23,e24,f01,f02,f03,f04,f05,f06,f07,f08,f09,f10,f11,f12,f13,f14,f15,f16,f17,f18,f19,f20,f21,f22,f23,f24,g01,g02,g03,g04,g05,g06,g07,g08,g09,g10,g11,g12,g13,g14,g15,g16,g17,g18,g19,g20,g21,g22,g23,g24,h01,h02,h03,h04,h05,h06,h07,h08,h09,h10,h11,h12,h13,h14,h15,h16,h17,h18,h19,h20,h21,h22,h23,h24,i01,i02,i03,i04,i05,i06,i07,i08,i09,i10,i11,i12,i13,i14,i15,i16,i17,i18,i19,i20,i21,i22,i23,i24,j01,j02,j03,j04,j05,j06,j07,j08,j09,j10,j11,j12,j13,j14,j15,j16,j17,j18,j19,j20,j21,j22,j23,j24
6	A-23	4	Culiacán	1	Básica	a01,a02,a03,a04,a05,a06,a07,a08,a09,a10,a11,a12,a13,a14,a15,a16,a17,a18,a19,a20,a21,a22,a23,a24,b01,b02,b03,b04,b05,b06,b07,b08,b09,b10,b11,b12,b13,b14,b15,b16,b17,b18,b19,b20,b21,b22,b23,b24,c01,c02,c03,c04,c05,c06,c07,c08,c09,c10,c11,c12,c13,c14,c15,c16,c17,c18,c19,c20,c21,c22,c23,c24,d01,d02,d03,d04,d05,d06,d07,d08,d09,d10,d11,d12,d13,d14,d15,d16,d17,d18,d19,d20,d21,d22,d23,d24,e01,e02,e03,e04,e05,e06,e07,e08,e09,e10,e11,e12,e13,e14,e15,e16,e17,e18,e19,e20,e21,e22,e23,e24,f01,f02,f03,f04,f05,f06,f07,f08,f09,f10,f11,f12,f13,f14,f15,f16,f17,f18,f19,f20,f21,f22,f23,f24,g01,g02,g03,g04,g05,g06,g07,g08,g09,g10,g11,g12,g13,g14,g15,g16,g17,g18,g19,g20,g21,g22,g23,g24,h01,h02,h03,h04,h05,h06,h07,h08,h09,h10,h11,h12,h13,h14,h15,h16,h17,h18,h19,h20,h21,h22,h23,h24,i01,i02,i03,i04,i05,i06,i07,i08,i09,i10,i11,i12,i13,i14,i15,i16,i17,i18,i19,i20,i21,i22,i23,i24,j01,j02,j03,j04,j05,j06,j07,j08,j09,j10,j11,j12,j13,j14,j15,j16,j17,j18,j19,j20,j21,j22,j23,j24
\.


--
-- Data for Name: slider; Type: TABLE DATA; Schema: public; Owner: equipo4
--

COPY public.slider (id_slider, titulo, rutaimagenbanner, rutaimagenmovil, rutaimagenmini, posicion) FROM stdin;
1	Bohemian Rhapsody	img/vistaCliente/slider/banner/2018101910251117-prin.jpg	img/vistaCliente/slider/movil/2018101910251117-movil.jpg	img/vistaCliente/slider/miniSlider/2018101910251117-thumb.png	2
2	Venom	img/vistaCliente/slider/banner/20181011173918772-prin.jpg	img/vistaCliente/slider/movil/20181011173918772-movil.jpg	img/vistaCliente/slider/miniSlider/201810313581508-thumb.png	3
3	Re-Estreno Coco	img/vistaCliente/slider/banner/20181012145845773-prin.jpg	img/vistaCliente/slider/movil/20181012145845773-movil.jpg	img/vistaCliente/slider/miniSlider/20181012145845773-thumb.png	1
\.


--
-- Data for Name: tarjetasbanco; Type: TABLE DATA; Schema: public; Owner: equipo4
--

COPY public.tarjetasbanco (id_tarjeta, nombre, numerotarjetafrente, numerotarjetareverso, nombrebanco, dinerodisponible, tipotarjeta) FROM stdin;
1	Roque Alionso Heras Vega	3333333333333333	123	Banamex	5000	Visa
2	Kenia Judith Rios Diarte	1111111111111111	1234	Banamex	5000	Mastercard
3	Adrian Franco Moreno	2222222222222222	321	Banamex	10	Visa
4	Roberto Perez	4444444444444444	123	Banamex	10000	Amex
\.


--
-- Data for Name: ventas; Type: TABLE DATA; Schema: public; Owner: equipo4
--

COPY public.ventas (id_venta, id_horario, id_tarjeta, id_usuario, asientos_seleccionados, cantidadboletos3raedad, cantidadboletosadultos, cantidadboletosninos, precioboletos3raedad, precioboletosadultos, precioboletosninos, horacompra, fechacompra, pagototal) FROM stdin;
2	13	1	-1	b01,b02,b03,b04,b05	0	3	0	0	90	0	08:56	2018-12-03	91.5
\.


--
-- Name: altasucursal_seq; Type: SEQUENCE SET; Schema: public; Owner: equipo4
--

SELECT pg_catalog.setval('public.altasucursal_seq', 6, true);


--
-- Name: cinepolisid_seq; Type: SEQUENCE SET; Schema: public; Owner: equipo4
--

SELECT pg_catalog.setval('public.cinepolisid_seq', 3, true);


--
-- Name: horarios_seq; Type: SEQUENCE SET; Schema: public; Owner: equipo4
--

SELECT pg_catalog.setval('public.horarios_seq', 13, true);


--
-- Name: paypal_id_paypal_seq; Type: SEQUENCE SET; Schema: public; Owner: equipo4
--

SELECT pg_catalog.setval('public.paypal_id_paypal_seq', 5, true);


--
-- Name: peliculas_seq; Type: SEQUENCE SET; Schema: public; Owner: equipo4
--

SELECT pg_catalog.setval('public.peliculas_seq', 27, true);


--
-- Name: precio_seq; Type: SEQUENCE SET; Schema: public; Owner: equipo4
--

SELECT pg_catalog.setval('public.precio_seq', 2, false);


--
-- Name: registropersonal_seq; Type: SEQUENCE SET; Schema: public; Owner: equipo4
--

SELECT pg_catalog.setval('public.registropersonal_seq', 7, true);


--
-- Name: salas_seq; Type: SEQUENCE SET; Schema: public; Owner: equipo4
--

SELECT pg_catalog.setval('public.salas_seq', 6, true);


--
-- Name: slider_seq; Type: SEQUENCE SET; Schema: public; Owner: equipo4
--

SELECT pg_catalog.setval('public.slider_seq', 4, false);


--
-- Name: tarjetasbanco_id_tarjeta_seq; Type: SEQUENCE SET; Schema: public; Owner: equipo4
--

SELECT pg_catalog.setval('public.tarjetasbanco_id_tarjeta_seq', 4, true);


--
-- Name: ventas_id_venta_seq; Type: SEQUENCE SET; Schema: public; Owner: equipo4
--

SELECT pg_catalog.setval('public.ventas_id_venta_seq', 2, true);


--
-- Name: altasucursal altasucursal_pkey; Type: CONSTRAINT; Schema: public; Owner: equipo4
--

ALTER TABLE ONLY public.altasucursal
    ADD CONSTRAINT altasucursal_pkey PRIMARY KEY (id_sucursal);


--
-- Name: horarios horarios_pkey; Type: CONSTRAINT; Schema: public; Owner: equipo4
--

ALTER TABLE ONLY public.horarios
    ADD CONSTRAINT horarios_pkey PRIMARY KEY (id_horario);


--
-- Name: paypal paypal_pkey; Type: CONSTRAINT; Schema: public; Owner: equipo4
--

ALTER TABLE ONLY public.paypal
    ADD CONSTRAINT paypal_pkey PRIMARY KEY (id_paypal);


--
-- Name: peliculas peliculas_pkey; Type: CONSTRAINT; Schema: public; Owner: equipo4
--

ALTER TABLE ONLY public.peliculas
    ADD CONSTRAINT peliculas_pkey PRIMARY KEY (id_pelicula);


--
-- Name: precioboletos precioboletos_pkey; Type: CONSTRAINT; Schema: public; Owner: equipo4
--

ALTER TABLE ONLY public.precioboletos
    ADD CONSTRAINT precioboletos_pkey PRIMARY KEY (id_precio);


--
-- Name: registrocinepolisid registrocinepolisid_pkey; Type: CONSTRAINT; Schema: public; Owner: equipo4
--

ALTER TABLE ONLY public.registrocinepolisid
    ADD CONSTRAINT registrocinepolisid_pkey PRIMARY KEY (id_cinepolisid);


--
-- Name: registropersonal registropersonal_pkey; Type: CONSTRAINT; Schema: public; Owner: equipo4
--

ALTER TABLE ONLY public.registropersonal
    ADD CONSTRAINT registropersonal_pkey PRIMARY KEY (id_registropersonal);


--
-- Name: salas salas_pkey; Type: CONSTRAINT; Schema: public; Owner: equipo4
--

ALTER TABLE ONLY public.salas
    ADD CONSTRAINT salas_pkey PRIMARY KEY (id_sala);


--
-- Name: slider slider_pkey; Type: CONSTRAINT; Schema: public; Owner: equipo4
--

ALTER TABLE ONLY public.slider
    ADD CONSTRAINT slider_pkey PRIMARY KEY (id_slider);


--
-- Name: tarjetasbanco tarjetasbanco_pkey; Type: CONSTRAINT; Schema: public; Owner: equipo4
--

ALTER TABLE ONLY public.tarjetasbanco
    ADD CONSTRAINT tarjetasbanco_pkey PRIMARY KEY (id_tarjeta);


--
-- Name: ventas ventas_pkey; Type: CONSTRAINT; Schema: public; Owner: equipo4
--

ALTER TABLE ONLY public.ventas
    ADD CONSTRAINT ventas_pkey PRIMARY KEY (id_venta);


--
-- PostgreSQL database dump complete
--

